{"cameraMode":{"drawMode":0,"name":"Shaded","section":"Shading Mode"},"sceneLighting":true,"audioPlay":false,"sceneViewState":{"m_AlwaysRefresh":false,"showFog":true,"showSkybox":true,"showFlares":true,"showImageEffects":true,"showParticleSystems":true,"showVisualEffectGraphs":true,"m_FxEnabled":true},"in2DMode":false,"pivot":{"x":49.99238967895508,"y":5.651865005493164,"z":65.50502014160156},"rotation":{"x":0.016918914392590524,"y":0.9770409464836121,"z":-0.19481295347213746,"w":0.08489413559436798},"size":1.1472320556640626,"orthographic":false}